First Name,Last Name,Formatted Date
Pete,Babando,1925-05-10
Anton,Babchuk,1984-05-06
Bob,Babcock,1968-08-03
Warren,Babe,1968-09-07
Yuri,Babenko,1978-01-02
Mitch,Babin,1954-12-01
John,Baby,1957-05-18
Dave,Babych,1961-05-23
Wayne,Babych,1958-06-06
Jergus,Baca,1965-01-04
Jason,Bacashihua,1982-09-20
Ryan,Bach,1973-10-21
Richard,Bachman,1987-07-25
Oskar,Back,2000-03-12
David,Backes,1984-05-01
Johan,Backlund,1981-07-24
Mikael,Backlund,1989-03-17
Christian,Backman,1980-04-28
Mike,Backman,1955-01-02
Pete,Backor,1919-04-29
Nicklas,Backstrom,1987-11-23
Niklas,Backstrom,1978-02-13
Ralph,Backstrom,1937-09-18
Brandon,Baddock,1995-03-29
Sven,Baertschi,1992-10-05
Drew,Bagnall,1983-10-26
Kevin,Bahl,2000-06-27
Bob,Bailey,1931-05-29
Casey,Bailey,1991-10-27
Garnet,Bailey,1948-06-13
Irvine,Bailey,1903-07-03
Joshua,Bailey,1989-10-02
Justin,Bailey,1995-07-01
Reid,Bailey,1956-05-28
Scott,Bailey,1972-05-02
Joel,Baillargeon,1964-10-06
Arshdeep,Bains,2001-01-09
Ken,Baird,1951-02-01
Bill,Baker,1956-11-29
Jamie,Baker,1966-08-31
Steve,Baker,1957-05-06
Peter,Bakovic,1965-01-31
Chris,Bala,1978-09-24
Jaroslav,Balastik,1979-11-28
Rudolfs,Balcers,1997-04-08
Helmut,Balderis,1952-06-30
Doug,Baldwin,1922-11-02
Jozef,Balej,1982-02-22
Mike,Bales,1971-08-06
Earl,Balfour,1933-01-04
Murray,Balfour,1936-08-24
Uvis,Balinskis,1996-08-01
Chase,Balisy,1992-02-02
Terry,Ball,1944-11-29
Keith,Ballard,1982-11-26
Maxim,Balmochnykh,1979-03-07
Dave,Balon,1937-08-02
Bryon,Baltimore,1952-08-26
Stan,Baluik,1935-10-05
Carter,Bancks,1989-08-09
Steve,Bancroft,1970-10-06
Jeff,Bandura,1957-04-02
Daniel,Bang,1987-04-19
Frank,Banham,1975-04-14
Darren,Banks,1966-03-18
Murray,Bannerman,1957-04-27
Drew,Bannister,1974-04-09
Nick,Baptiste,1995-08-04
Alexander,Barabanov,1994-06-17
Ralph,Barahona,1965-11-16
Ivan,Baranka,1985-05-19
Ivan,Barbashev,1995-12-14
Andy,Barbe,1923-07-27
Bill,Barber,1952-07-11
Don,Barber,1964-12-02
Riley,Barber,1994-02-07
Mark,Barberio,1990-03-23
Krys,Barch,1980-03-26
Cole,Bardreau,1993-07-22
Bill,Barilko,1927-03-25
Michal,Barinka,1984-06-12
Cam,Barker,1986-04-04
Doug,Barkley,1937-01-06
Aleksander,Barkov,1995-09-02
Bob,Barlow,1935-06-17
Matthew,Barnaby,1973-05-04
Blair,Barnes,1960-09-21
Norm,Barnes,1953-08-24
Ryan,Barnes,1980-01-30
Stu,Barnes,1970-12-25
Scott,Barney,1979-03-27
Marco,Baron,1959-04-04
Murray,Baron,1967-06-01
Normand,Baron,1957-12-15
Dave,Barr,1960-11-30
Tom,Barrasso,1965-03-31
Doug,Barrault,1970-04-21
Alex,Barre-Boulet,1997-05-21
Fred,Barrett,1950-01-26
John,Barrett,1958-07-01
Doug,Barrie,1946-10-02
Len,Barrie,1969-06-04
Tyson,Barrie,1991-07-26
Justin,Barron,2001-11-15
Morgan,Barron,1998-12-02
Eddie,Barry,1919-10-12
Marty,Barry,1904-12-08
Ray,Barry,1928-10-04
Lubos,Bartecko,1976-07-14
Robin,Bartell,1961-05-16
Matt,Bartkowski,1988-06-04
Jim,Bartlett,1932-05-27
Victor,Bartley,1988-02-17
Cliff,Barton,1907-09-03
Peter,Bartos,1973-09-05
Milan,Bartovic,1981-04-09
Oskars,Bartulis,1987-01-21
Mathew,Barzal,1997-05-26
Andre,Bashkirov,1970-06-22
Cody,Bass,1987-01-07
Bob,Bassen,1965-05-06
Hank,Bassen,1932-12-06
Ryan,Bast,1975-08-27
Nathan,Bastian,1997-12-06
Aldege,Bastien,1919-08-29
Shawn,Bates,1975-04-03
Frank,Bathe,1954-09-27
Drake,Batherson,1998-04-27
Andy,Bathgate,1932-08-28
Frank,Bathgate,1930-02-14
Bates,Battaglia,1975-12-13
Jeff,Batters,1970-10-23
Ruslan,Batyrshin,1975-02-19
Bobby,Bauer,1915-02-16
Gary,Bauman,1940-07-21
Ken,Baumgartner,1966-03-11
Mike,Baumgartner,1949-01-30
Nolan,Baumgartner,1976-03-23
Bob,Baun,1936-09-09
Kyle,Baun,1992-05-04
Sergei,Bautin,1967-03-11
Robin,Bawa,1966-03-26
Paul,Baxter,1955-10-28
Ryan,Bayda,1980-12-09
Gavin,Bayreuther,1994-05-12
Sandy,Beadle,1960-07-12
Jay,Beagle,1985-10-16
Jake,Bean,1998-06-09
Ethan,Bear,1997-06-26
Frank,Beaton,1953-04-28
Jack,Beattie,1907-10-02
Francois,Beauchemin,1980-06-04
Jean-Christophe,Beaudin,1997-03-25
Nicolas,Beaudin,1999-10-07
Norm,Beaudin,1941-11-28
Eric,Beaudoin,1980-05-03
Serge,Beaudoin,1952-10-30
Yves,Beaudoin,1965-01-07
Mark,Beaufait,1970-05-13
Nathan,Beaulieu,1992-12-05
Don,Beaupre,1961-09-19
Stephane,Beauregard,1968-01-10
Anthony,Beauvillier,1997-06-08
Barry,Beck,1957-06-03
Owen,Beck,2004-02-03
Taylor,Beck,1991-05-13
Bob,Beckett,1936-04-08
Chris,Beckford-Tseu,1984-06-22
Adam,Beckman,2001-05-10
Connor,Bedard,2005-07-17
Jim,Bedard,1927-11-19
Jim,Bedard,1956-11-17
Clayton,Beddoes,1970-11-10
Jaroslav,Bednar,1976-11-09
John,Bednarski,1952-07-04
Kris,Beech,1981-02-05
John,Beecher,2001-04-05
Bob,Beers,1967-05-20
Ed,Beers,1959-10-12
Steve,Begin,1978-06-14
Clarence,Behling,1915-03-16
Marc,Behrend,1961-01-11
Frank,Beisler,1913-10-18
Derek,Bekar,1975-09-15
Wade,Belak,1976-07-03
Alain,Belanger,1956-01-18
Eric,Belanger,1977-12-16
Francis,Belanger,1978-01-15
Jesse,Belanger,1969-06-15
Ken,Belanger,1974-05-14
Roger,Belanger,1965-12-01
Yves,Belanger,1952-09-30
Matt,Beleskey,1988-06-07
Ed,Belfour,1965-04-21
Michel,Belhumeur,1949-09-02
Dan,Belisle,1937-05-09
Jean,Beliveau,1931-08-31
Billy,Bell,1891-06-10
Brendan,Bell,1983-03-31
Bruce,Bell,1965-02-15
Gordon,Bell,1925-03-13
Harry,Bell,1925-10-31
Joe,Bell,1923-11-27
Mark,Bell,1980-08-05
Neil,Belland,1961-04-03
Shawn,Belle,1985-01-03
Blake,Bellefeuille,1977-12-27
Pete,Bellefeuille,1901-10-19
Pierre-Edouard,Bellemare,1985-03-06
Andy,Bellemer,1903-07-03
Brett,Bellemore,1988-06-25
Brian,Bellows,1964-09-01
Kieffer,Bellows,1998-06-10
Anton,Belov,1986-07-29
Louie,Belpedio,1996-05-14
Alex,Belzile,1991-08-31
Emil,Bemstrom,1999-06-01
Linthwaite,Bend,1922-12-20
Jan,Benda,1972-04-28
Clint,Benedict,1892-09-26
Matty,Beniers,2002-11-05
Jamie,Benn,1989-07-18
Jordie,Benn,1987-07-26
Adam,Bennett,1971-03-30
Beau,Bennett,1991-11-27
Bill,Bennett,1953-05-31
Curt,Bennett,1948-03-27
Frank,Bennett,1922-03-04
Harvey,Bennett,1925-07-23
Harvey,Bennett,1952-08-09
Max,Bennett,1912-11-04
Rick,Bennett,1967-07-24
Sam,Bennett,1996-06-20
Brian,Benning,1966-06-10
Jim,Benning,1963-04-29
Matt,Benning,1994-05-25
Andre,Benoit,1984-01-06
Joe,Benoit,1916-02-27
Simon,Benoit,1998-09-19
Bill,Benson,1920-07-29
Bobby,Benson,1894-05-18
Tyler,Benson,1998-03-15
Zachary,Benson,2005-05-12
Sean,Bentivoglio,1985-10-16
Doug,Bentley,1916-09-03
Max,Bentley,1920-03-01
Reg,Bentley,1914-05-03
Ladislav,Benysek,1975-03-24
Paul,Beraldo,1967-10-05
Josef,Beranek,1969-10-25
Brett,Berard,2002-09-09
Bryan,Berard,1977-03-05
Drake,Berehowsky,1972-01-03
Gordon,Berenson,1939-12-08
Andrew,Berenzweig,1977-08-08
Perry,Berezan,1964-12-05
Sergei,Berezin,1971-11-05
Aki-Petteri,Berg,1977-07-28
Bill,Berg,1967-10-21
Todd,Bergen,1963-07-11
Sean,Bergenheim,1984-02-08
Mike,Berger,1967-06-02
Jean-Claude,Bergeron,1968-10-14
Marc-Andre,Bergeron,1980-10-13
Michel,Bergeron,1954-11-11
Patrice,Bergeron,1985-07-24
Yves,Bergeron,1952-01-11
Marc,Bergevin,1965-08-11
Nicklas,Bergfors,1987-03-07
Jonatan,Berggren,2000-07-16
Stefan,Bergkvist,1975-03-10
Tim,Bergland,1965-01-11
Bob,Bergloff,1958-07-26
Bo,Berglund,1955-04-06
Christian,Berglund,1980-03-12
Patrik,Berglund,1988-06-02
Gary,Bergman,1938-10-07
Thommie,Bergman,1947-12-10
Lean,Bergmann,1998-10-04
Jonas,Bergqvist,1962-09-26
Adam,Berkhoel,1981-05-16
Matt,Berlin,1998-01-20
Jacob,Bernard-Docker,2000-06-30
Tim,Bernhardt,1958-01-17
Tim,Berni,2000-02-11
Jonathan,Bernier,1988-08-07
Serge,Bernier,1947-04-29
Steve,Bernier,1985-03-31
Reto,Berra,1987-01-03
Bob,Berry,1943-11-29
Brad,Berry,1965-04-01
Doug,Berry,1957-06-03
Fred,Berry,1956-03-26
Ken,Berry,1960-06-21
Rick,Berry,1978-11-04
Daniel,Berthiaume,1966-01-26
Adam,Berti,1986-07-01
Eric,Bertrand,1975-04-16
Christoph,Bertschy,1994-04-05
Todd,Bertuzzi,1975-02-02
Tyler,Bertuzzi,1995-02-24
Craig,Berube,1965-12-17
J.F.,Berube,1991-07-13
Phil,Bessler,1913-12-09
Pete,Bessone,1913-01-13
Allan,Bester,1964-03-26
John,Bethel,1957-01-15
Karel,Betik,1978-10-28
Maxim,Bets,1974-01-31
Silvio,Bettio,1928-12-01
Blair,Betts,1980-02-16
Jeff,Beukeboom,1965-03-28
Bill,Beveridge,1909-07-01
Nick,Beverley,1947-04-21
Goran,Bezina,1980-03-21
Dwight,Bialowas,1952-09-08
Frank,Bialowas,1970-09-25
Wayne,Bianchin,1953-09-06
Antoine,Bibeau,1994-05-01
Paul,Bibeault,1919-04-13
Radim,Bicanek,1975-01-18
Jiri,Bicek,1978-12-03
Lian,Bichsel,2004-05-18
Stu,Bickel,1986-10-02
Bryan,Bickell,1986-03-09
Todd,Bidner,1961-07-05
Alex,Biega,1988-04-04
Danny,Biega,1991-09-29
Kevin,Bieksa,1981-06-16
Zac,Bierk,1976-09-17
Don,Biggs,1965-07-04
Larry,Bignell,1950-01-07
Chris,Bigras,1995-02-22
Craig,Billington,1966-09-11
Chad,Billins,1989-05-26
Gilles,Bilodeau,1955-07-31
Andre,Binette,1933-12-02
Les,Binkley,1934-06-06
Jordan,Binnington,1993-07-11
Jack,Bionda,1933-09-18
Brandon,Biro,1998-03-11
Martin,Biron,1977-08-15
Mathieu,Biron,1980-04-29
Sebastien,Bisaillon,1986-12-08
Jake,Bischoff,1994-07-25
Mike,Bishai,1979-05-30
Ben,Bishop,1986-11-21
Clark,Bishop,1996-03-29
Tom,Bissett,1966-03-13
Paul,Bissonnette,1985-03-11
Anthony,Bitetto,1990-07-15
Will,Bitten,1998-07-10
Dick,Bittner,1922-01-02
Byron,Bitz,1984-07-21
Anders,Bjork,1996-08-05
Marcus,Bjork,1997-11-24
Kasper,Bjorkqvist,1997-07-10
Oliver,Bjorkstrand,1995-04-10
Tobias,Bjornfot,2001-04-06
Nick,Bjugstad,1992-07-17
Scott,Bjugstad,1961-06-02
James,Black,1969-08-03
Steve,Black,1927-03-31
Bob,Blackburn,1938-02-01
Dan,Blackburn,1983-05-20
Don,Blackburn,1938-05-14
Jesse,Blacker,1991-04-19
Colin,Blackwell,1993-03-28
Mackenzie,Blackwood,1996-12-09
Hank,Blade,1921-04-28
Tom,Bladon,1952-12-29
Garry,Blaine,1933-04-19
Andrew,Blair,1908-02-27
Chuck,Blair,1928-07-23
George,Blair,1929-09-15
Sammy,Blais,1996-06-17
Mike,Blaisdell,1960-01-18
Bob,Blake,1914-08-16
Hector,Blake,1912-08-21
Jackson,Blake,2003-08-03
Jason,Blake,1973-09-02
Mickey,Blake,1912-10-31
Mike,Blake,1956-04-06
Rob,Blake,1969-12-10
Nicolas,Blanchard,1987-05-31
Joseph,Blandisi,1994-07-18
Nick,Blankenburg,1998-05-12
Zdenek,Blatny,1981-01-14
Joachim,Blichfeld,1998-07-17
Anton,Blidh,1995-03-14
Rick,Blight,1955-10-17
Russ,Blinco,1908-03-12
Mario,Bliznak,1987-03-06
Ken,Block,1944-03-18
Jeff,Bloemberg,1968-01-31
Joel,Blomqvist,2002-01-10
Timo,Blomqvist,1961-01-23
Arto,Blomsten,1965-03-16
Mike,Bloom,1952-04-12
Sylvain,Blouin,1974-05-21
John,Blue,1966-02-19
Teddy,Blueger,1994-08-15
John,Blum,1959-10-08
Jonathon,Blum,1989-01-30
Matej,Blumel,2000-05-31
Mike,Blunden,1986-12-15
Sergei,Bobrovsky,1988-09-20
Brandon,Bochenski,1982-04-04
Bob,Bodak,1961-05-28
Gregg,Boddy,1949-03-19
Doug,Bodger,1966-06-18
Troy,Bodie,1985-01-25
Gus,Bodnar,1925-08-24
Andrew,Bodnarchuk,1988-07-11
Mikkel,Boedker,1989-12-16
Ron,Boehm,1943-08-14
Garth,Boesch,1920-10-07
Brock,Boeser,1997-02-25
Zach,Bogosian,1990-07-15
Eric,Boguniecki,1975-05-06
Rick,Boh,1964-05-18
Lonny,Bohonos,1973-05-20
Alexandre,Boikov,1975-02-07
Marc,Boileau,1932-09-03
Patrick,Boileau,1975-02-22
Rene,Boileau,1904-05-18
Fred,Boimistruck,1962-01-14
Danny,Bois,1983-06-01
Gilles,Boisvert,1933-02-15
Serge,Boisvert,1959-06-01
Claude,Boivin,1970-03-01
Leo,Boivin,1931-08-02
Mike,Boland,1949-12-16
Mike,Boland,1954-10-29
Ivan,Boldirev,1949-08-15
Alexandre,Bolduc,1985-06-26
Dan,Bolduc,1953-04-06
Michel,Bolduc,1961-03-13
Samuel,Bolduc,2000-12-09
Zachary,Bolduc,2003-02-24
Matthew,Boldy,2001-04-05
Frank,Boll,1911-03-06
Jared,Boll,1986-05-13
Dave,Bolland,1986-06-05
Brandon,Bollig,1987-01-31
Larry,Bolonchuk,1952-02-26
Hugh,Bolton,1929-04-15
Brad,Bombardir,1972-05-05
Dan,Bonar,1956-09-23
Peter,Bondra,1968-02-07
Brian,Bonin,1973-11-28
Marcel,Bonin,1931-09-17
Nick,Bonino,1988-04-20
Radek,Bonk,1976-01-09
Ryan,Bonni,1979-02-18
Jason,Bonsignore,1976-04-15
Dennis,Bonvie,1973-07-23
Jim,Boo,1954-11-12
Derek,Boogaard,1982-06-23
Carl,Boone,1932-09-11
David,Booth,1984-11-24
George,Boothman,1916-09-25
Darryl,Bootland,1981-11-02
Adam,Boqvist,2000-08-15
Jesper,Boqvist,1998-10-30
Chris,Bordeleau,1947-09-23
J.P.,Bordeleau,1949-06-13
Patrick,Bordeleau,1986-03-23
Paulin,Bordeleau,1953-01-29
Sebastien,Bordeleau,1975-02-15
Thomas,Bordeleau,2002-01-03
Casey,Borer,1985-07-28
Will,Borgen,1996-12-19
Andreas,Borgman,1995-06-18
Henrik,Borgstrom,1997-08-06
Jack,Borotsik,1949-11-26
Mark,Borowiecki,1989-07-12
Luciano,Borsato,1966-01-07
Nikolai,Borschevsky,1965-01-12
Robert,Bortuzzo,1989-03-18
Laurie,Boschman,1960-06-04
Mike,Bossy,1957-01-22
Helge,Bostrom,1894-01-09
Mark,Botell,1961-08-27
Tim,Bothwell,1955-05-06
Jason,Botterill,1976-05-19
Cam,Botting,1954-03-10
Henry,Boucha,1951-06-01
Dan,Bouchard,1950-12-12
Dick,Bouchard,1934-12-02
Edmond,Bouchard,1892-05-25
Emile,Bouchard,1919-09-04
Evan,Bouchard,1999-10-20
Joel,Bouchard,1974-01-23
Pierre,Bouchard,1948-02-20
Pierre-Marc,Bouchard,1984-04-27
Bill,Boucher,1899-11-10
Brian,Boucher,1977-01-02
Clarence,Boucher,1896-11-01
Frank,Boucher,1901-10-07
George,Boucher,1896-08-19
Philippe,Boucher,1973-03-24
Reid,Boucher,1993-09-08
Robert,Boucher,1904-02-14
Tyler,Bouck,1980-01-13
Bruce,Boudreau,1955-01-09
Andre,Boudrias,1943-09-19
Barry,Boughner,1948-01-29
Bob,Boughner,1971-03-08
Francis,Bouillon,1975-10-17
Jesse,Boulerice,1978-08-10
Eric,Boulton,1976-08-17
Lance,Bouma,1990-03-25
Josef,Boumedienne,1978-01-12
Dan,Bourbonnais,1962-02-05
Rick,Bourbonnais,1955-04-20
Conrad,Bourcier,1915-05-28
Jean-Louis,Bourcier,1911-01-03
Fred,Bourdginon,1906-06-22
Luc,Bourdon,1987-02-16
Marc-Andre,Bourdon,1989-09-17
Leo,Bourgeault,1904-01-17
Charlie,Bourgeois,1959-11-19
Bob,Bourne,1954-06-21
Michael,Bournival,1992-05-31
Chris,Bourque,1986-01-29
Claude,Bourque,1915-03-31
Gabriel,Bourque,1990-09-23
Mavrik,Bourque,2002-01-08
Phil,Bourque,1962-06-08
Ray,Bourque,1960-12-28
Rene,Bourque,1981-12-10
Ryan,Bourque,1991-01-03
Pat,Boutette,1952-03-01
Paul,Boutilier,1963-05-03
Rollie,Boutin,1957-11-06
Lionel,Bouvrette,1914-06-10
Jay,Bouwmeester,1983-09-27
Landon,Bow,1995-08-24
Jason,Bowen,1973-11-09
Johnny,Bower,1925-11-08
Shane,Bowers,1999-07-30
Madison,Bowey,1995-04-22
Bill,Bowler,1974-09-25
Drayson,Bowman,1989-03-08
Kirk,Bowman,1951-09-30
Ralph,Bowman,1911-01-20
Jack,Bownass,1930-07-27
Rick,Bowness,1955-01-25
Darryl,Boyce,1984-07-07
Johnny,Boychuk,1984-01-19
Zach,Boychuk,1989-10-04
Billy,Boyd,1898-05-15
Dustin,Boyd,1986-07-16
Irwin,Boyd,1908-11-13
Randy,Boyd,1962-01-23
Travis,Boyd,1993-09-14
Wally,Boyer,1937-09-27
Zac,Boyer,1971-10-25
Brad,Boyes,1982-04-17
Darren,Boyko,1964-01-16
Brian,Boyle,1984-12-18
Dan,Boyle,1976-07-12
Kevin,Boyle,1992-05-30
Nick,Boynton,1979-01-14
Tyler,Bozak,1986-03-19
Steve,Bozek,1960-11-26
Philippe,Bozon,1966-11-30
John,Brackenborough,1897-02-09
Curt,Brackenbury,1952-01-31
Barton,Bradley,1930-07-29
Brian,Bradley,1965-01-21
Chase,Bradley,2002-01-09
Lyle,Bradley,1943-07-31
Matt,Bradley,1978-06-13
Neil,Brady,1968-04-12
Rick,Bragnalo,1951-12-01
Christoph,Brandner,1975-07-05
Andy,Branigan,1922-04-11
Erik,Brannstrom,1999-09-02
Per-Olov,Brasar,1950-09-30
Donald,Brashear,1972-01-07
Derick,Brassard,1987-09-22
Fred,Brathwaite,1972-11-24
Jesper,Bratt,1998-07-30
Justin,Braun,1987-02-10
Russ,Brayshaw,1918-01-17
Justin,Brazeau,1998-02-02
Frank,Breault,1967-05-11
Christopher,Breen,1989-06-29
Ken,Breitenbach,1955-01-09
Fredrik,Bremberg,1973-06-21
Pavel,Brendl,1981-03-23
Dan,Brennan,1960-10-01
Doug,Brennan,1905-01-10
Kip,Brennan,1980-08-27
Rich,Brennan,1972-11-26
T.J.,Brennan,1989-04-03
Tom,Brennan,1922-01-22
John,Brenneman,1943-01-05
Tim,Brent,1984-03-10
Joe,Bretto,1913-11-29
Carl,Brewer,1938-10-21
Eric,Brewer,1979-04-17
Andy,Brickley,1961-08-09
Connor,Brickley,1992-02-25
Daniel,Brickley,1995-03-30
Archie,Briden,1898-07-16
Mel,Bridgman,1955-04-28
Daniel,Briere,1977-10-06
Michel,Briere,1949-10-21
Travis,Brigley,1977-06-16
Aris,Brimanis,1972-03-14
Frank,Brimsek,1915-09-26
Rod,Brind'Amour,1970-08-09
Doug,Brindley,1949-06-08
Gavin,Brindley,2004-10-05
David,Brine,1985-01-06
Bobby,Brink,2001-07-08
Milton,Brink,1910-11-26
Guillaume,Brisebois,1997-07-21
Patrice,Brisebois,1971-01-27
Brendan,Brisson,2001-10-22
Gerry,Brisson,1937-09-03
Greg,Britz,1961-01-03
Harry,Broadbent,1892-07-13
Alex,Broadhurst,1993-03-07
Philip,Broberg,2001-06-25
Martin,Brochu,1973-03-10
Stephane,Brochu,1967-08-15
Walter,Broda,1914-05-15
Connie,Broden,1932-04-06
Ken,Broderick,1942-02-16
Len,Broderick,1938-10-11
Martin,Brodeur,1972-05-06
Mike,Brodeur,1983-03-30
Richard,Brodeur,1952-09-15
T.J.,Brodie,1990-06-07
Jonas,Brodin,1993-07-12
Kyle,Brodziak,1984-05-25
Jonny,Brodzinski,1993-06-19
David,Broll,1993-01-04
Mathias,Brome,1994-07-29
Gary,Bromley,1950-01-19
Sheldon,Brookbank,1980-10-03
Wade,Brookbank,1977-09-29
Bob,Brooke,1960-12-18
Adam,Brooks,1996-05-06
Alex,Brooks,1976-08-21
Gord,Brooks,1950-09-11
Ross,Brooks,1939-10-17
Evan,Brophey,1986-12-03
Bernie,Brophy,1903-08-09
Willie,Brossart,1949-05-29
Laurent,Brossoit,1993-03-23
Aaron,Broten,1960-11-14
Neal,Broten,1959-11-29
Paul,Broten,1965-10-27
Julien,Brouillette,1986-12-05
Paul,Brousseau,1973-09-18
Troy,Brouwer,1985-08-17
Adam,Brown,1920-02-04
Andy,Brown,1944-02-15
Arnie,Brown,1942-01-28
Brad,Brown,1975-12-27
Cam,Brown,1969-05-15
Chris,Brown,1991-02-03
Connie,Brown,1917-01-11
Connor,Brown,1994-01-14
Curtis,Brown,1976-02-12
Dave,Brown,1962-10-12
Doug,Brown,1964-06-12
Dustin,Brown,1984-11-04
Fred,Brown,1900-09-15
George,Brown,1912-05-17
Gerry,Brown,1917-07-07
Greg,Brown,1968-03-07
Harold,Brown,1920-09-14
J.T.,Brown,1990-07-02
Jeff,Brown,1966-04-30
Jim,Brown,1960-03-01
Josh,Brown,1994-01-21
Keith,Brown,1960-05-06
Ken,Brown,1948-12-19
Kevin,Brown,1974-05-11
Larry,Brown,1947-04-14
Logan,Brown,1998-03-05
Mike,Brown,1979-04-29
Mike,Brown,1985-06-24
Patrick,Brown,1992-05-29
Rob,Brown,1968-04-10
Sean,Brown,1976-11-05
Stan,Brown,1898-05-09
Wayne,Brown,1930-11-16
Cecil,Browne,1896-02-13
Jack,Brownschidle,1955-10-02
Jeff,Brownschidle,1959-03-01
Jeff,Brubaker,1958-02-24
David,Bruce,1964-10-07
Gordon,Bruce,1919-05-09
Morley,Bruce,1894-03-07
Gilbert,Brule,1987-01-01
Steve,Brule,1975-01-15
Murray,Brumwell,1960-03-31
Benoit,Brunet,1968-08-24
Ed,Bruneteau,1919-08-01
Modere,Bruneteau,1914-11-28
Mario,Brunetta,1967-01-25
Andrew,Brunette,1973-08-24
Damien,Brunner,1986-03-09
Fabian,Brunnstrom,1985-02-06
Barry,Brust,1983-08-08
Bill,Brydge,1901-10-22
Paul,Brydges,1965-06-21
Glen,Brydson,1910-11-07
Gord,Brydson,1907-01-03
Sergei,Brylin,1974-01-13
Jacob,Bryson,1997-11-18
Ilya,Bryzgalov,1980-06-22
Jiri,Bubla,1950-01-27
Al,Buchanan,1927-05-17
Jeff,Buchanan,1971-05-23
Mike,Buchanan,1932-03-01
Ralph,Buchanan,1922-12-28
Ron,Buchanan,1944-11-15
Kelly,Buchberger,1966-12-02
Pavel,Buchnevich,1995-04-17
Johnny,Bucyk,1935-05-12
Randy,Bucyk,1962-11-09
Peter,Budaj,1982-09-18
Doug,Buhr,1949-06-29
Tony,Bukovich,1915-08-30
Jan,Bulis,1978-03-18
Mike,Bullard,1961-03-10
Hy,Buller,1926-03-15
Ted,Bulley,1955-03-25
Bruce,Bullock,1949-05-09
Brett,Bulmer,1992-04-26
Connor,Bunnaman,1998-04-16
Michael,Bunting,1995-09-17
Tyler,Bunz,1992-02-11
Andre,Burakovsky,1995-02-09
Robert,Burakovsky,1966-11-25
Billy,Burch,1900-11-20
Fred,Burchell,1931-01-09
Glen,Burdon,1954-08-04
Pavel,Bure,1971-03-31
Valeri,Bure,1974-06-13
Marc,Bureau,1966-05-19
Bill,Burega,1932-03-13
Erik,Burgdoerfer,1988-12-11
Adam,Burish,1983-01-06
Cal,Burke,1997-03-19
Eddie,Burke,1907-06-03
Marty,Burke,1903-01-28
Sean,Burke,1967-01-29
Roy,Burmister,1906-08-12
Alexander,Burmistrov,1991-10-21
Garrett,Burnett,1975-09-23
Kelly,Burnett,1926-06-16
Bobby,Burns,1905-04-06
Brent,Burns,1985-03-09
Charlie,Burns,1936-02-14
Gary,Burns,1955-01-16
Norm,Burns,1918-02-20
Robin,Burns,1946-08-27
Shawn,Burr,1966-07-01
Randy,Burridge,1966-01-07
Kyle,Burroughs,1995-07-12
Alexandre,Burrows,1981-04-11
Dave,Burrows,1949-01-11
Adam,Burt,1969-01-15
Cummy,Burton,1936-05-12
Nelson,Burton,1957-11-06
Eddie,Bush,1918-07-11
Rod,Buskas,1961-01-07
Mike,Busniuk,1951-12-13
Ron,Busniuk,1948-08-13
Walter,Buswell,1908-11-08
Garth,Butcher,1963-01-08
Will,Butcher,1995-01-06
Sven,Butenschoen,1976-03-22
Bobby,Butler,1987-04-26
Cameron,Butler,2002-06-09
Chris,Butler,1986-10-27
Dick,Butler,1926-06-02
Jerry,Butler,1951-02-27
Vyacheslav,Butsayev,1970-06-13
Yuri,Butsayev,1978-10-11
Bill,Butters,1951-01-10
Gordon,Buttrey,1926-03-17
Gordon,Buynak,1954-03-19
Petr,Buzek,1977-04-25
Stephen,Buzinski,1917-10-15
Ilya,Byakin,1963-02-02
John,Byce,1967-08-09
Dane,Byers,1986-02-21
Gordie,Byers,1930-03-11
Jerry,Byers,1952-03-29
Lyndon,Byers,1964-02-29
Mike,Byers,1946-09-11
Quinton,Byfield,2002-08-19
Dustin,Byfuglien,1985-03-27
Dmitry,Bykov,1977-05-05
Dan,Bylsma,1970-09-19
Bowen,Byram,2001-06-13
Shawn,Byram,1968-09-12
Paul,Byron,1989-04-27
Nicholas,Caamano,1998-09-07
Jack,Caffery,1934-06-30
Terry,Caffery,1949-04-01
Drake,Caggiula,1994-06-20
Larry,Cahan,1933-12-25
Charles,Cahill,1904-01-04
Herbert,Cain,1913-12-24
Jim,Cain,1899-03-22
Don,Cairns,1955-10-08
Eric,Cairns,1974-06-27
Petr,Cajanek,1975-08-18
Eric,Calder,1963-06-26
Kyle,Calder,1979-01-05
Ryan,Caldwell,1981-06-15
Don,Caley,1945-10-09
Norm,Calladine,1916-01-01
Joe,Callahan,1982-12-20
Mitch,Callahan,1991-08-17
Ryan,Callahan,1985-03-21
Drew,Callander,1956-08-17
Jock,Callander,1961-04-23
Brett,Callighen,1953-05-15
Frank,Callighen,1906-02-13
Jan,Caloun,1972-12-20
Matt,Calvert,1989-12-24
Jim,Camazzola,1964-01-05
Tony,Camazzola,1962-09-11
Al,Cameron,1955-10-21
Angus,Cameron,1921-11-05
Billy,Cameron,1896-12-05
Craig,Cameron,1945-07-19
Dave,Cameron,1958-07-29
Harry,Cameron,1890-02-06
Mike,Cammalleri,1982-06-08
Matt,Campanale,1988-02-14
Andrew,Campbell,1988-02-04
Brian,Campbell,1979-05-23
Bryan,Campbell,1944-03-27
Colin,Campbell,1953-01-28
Darcy,Campbell,1984-05-12
Dave,Campbell,1896-04-27
Don,Campbell,1925-07-12
Earl,Campbell,1900-07-23
Greg,Campbell,1983-12-17
Jack,Campbell,1992-01-09
Jim,Campbell,1973-04-03
Scott,Campbell,1957-06-22
Wade,Campbell,1961-01-02
Tod,Campeau,1923-06-04
Dominic,Campedelli,1964-04-03
Carter,Camper,1988-07-06
Chris,Campoli,1984-07-09
Pat,Cannone,1986-08-09
Kyle,Capobianco,1997-08-13
Frank,Caprice,1962-04-02
Dave,Capuano,1968-07-27
Jack,Capuano,1966-07-07
Luca,Caputi,1988-10-01
Leo,Carbol,1912-06-05
Guy,Carbonneau,1960-03-18
Daniel,Carcillo,1985-01-28
Michael,Carcone,1996-05-19
Mike,Card,1986-02-18
Claude,Cardin,1941-02-17
Ethan,Cardwell,2002-08-30
Steve,Cardwell,1950-08-18
Jim,Carey,1974-05-31
Matt,Carey,1992-02-28
Paul,Carey,1988-09-24
Matt,Carkner,1980-11-03
Terry,Carkner,1966-03-07
Mathieu,Carle,1987-09-30
Matt,Carle,1984-09-25
Wayne,Carleton,1946-08-04
Declan,Carlile,2000-05-18
Brian,Carlin,1950-06-13
Brandon,Carlo,1996-11-26
Jack,Carlson,1954-08-23
John,Carlson,1990-01-10
Kent,Carlson,1962-01-11
Steve,Carlson,1955-08-26
Anders,Carlsson,1960-11-25
Gabriel,Carlsson,1997-01-02
Leo,Carlsson,2004-12-26
Lucas,Carlsson,1997-07-05
Randy,Carlyle,1956-04-19
Patrik,Carnback,1968-02-01
Keith,Carney,1970-02-03
Alain,Caron,1938-04-27
Jacques,Caron,1940-04-21
Jordan,Caron,1990-11-02
Sebastien,Caron,1980-06-25
Bobby,Carpenter,1963-07-13
Eddie,Carpenter,1890-06-15
Ryan,Carpenter,1991-01-18
Alfred,Carr,1916-12-29
Daniel,Carr,1991-11-01
Gene,Carr,1951-09-17
Lorne,Carr,1910-07-02
Connor,Carrick,1994-04-13
Sam,Carrick,1992-02-04
Trevor,Carrick,1994-07-04
Alexandre,Carrier,1996-10-08
William,Carrier,1994-12-20
Larry,Carriere,1952-01-30
Gene,Carrigan,1907-07-05
Billy,Carroll,1959-01-19
George,Carroll,1897-06-03
Greg,Carroll,1956-11-10
Dwight,Carruthers,1944-11-07
Bill,Carse,1914-05-29
Bob,Carse,1919-07-19
Bill,Carson,1900-11-25
Brett,Carson,1985-11-29
Frank,Carson,1902-01-12
Gerald,Carson,1903-10-10
Jimmy,Carson,1968-07-20
Lindsay,Carson,1960-11-21
Anson,Carter,1974-06-06
Billy,Carter,1937-12-02
Jeff,Carter,1985-01-01
John,Carter,1963-05-03
Lyle,Carter,1945-04-29
Ron,Carter,1958-03-14
Ryan,Carter,1983-08-03
Michael,Caruso,1988-07-05
Joe,Carveth,1918-03-21
Jon,Casey,1962-08-29
Seamus,Casey,2004-01-08
Wayne,Cashman,1945-06-24
Mike,Casselman,1968-09-23
Andrew,Cassels,1969-07-23
Bruce,Cassidy,1965-05-20
Tom,Cassidy,1952-03-15
Frederic,Cassivi,1975-06-12
Tony,Cassolato,1956-05-07
Daniel,Catenacci,1993-03-09
Jackson,Cates,1997-09-26
Noah,Cates,1999-02-05
Cole,Caufield,2001-01-02
Jay,Caufield,1960-07-17
Gino,Cavallini,1962-11-24
Paul,Cavallini,1965-10-13
Tom,Cavanagh,1982-03-24
Colby,Cave,1994-12-26
Roman,Cechmanek,1971-03-02
Cody,Ceci,1993-12-21
Peter,Cehlarik,1995-08-02
Mack,Celebrini,2006-06-13
Sebastien,Centomo,1981-03-26
Ray,Ceresino,1929-04-24
Erik,Cernak,1997-05-28
Frantisek,Cernik,1953-06-03
Roman,Cervenka,1985-12-10
Frederic,Chabot,1968-02-12
John,Chabot,1962-05-18
Lorne,Chabot,1900-10-05
Thomas,Chabot,1997-01-30
John,Chad,1919-09-16
Ed,Chadwick,1933-05-08
Mitchell,Chaffee,1998-01-26
William,Chalmers,1934-01-24
Milan,Chalupa,1953-07-04
Erwin,Chamberlain,1915-02-14
Shawn,Chambers,1966-10-11
Andre,Champagne,1943-09-19
Bob,Champoux,1942-12-02
Rene,Chapdelaine,1966-09-27
Art,Chapman,1907-05-29
Blair,Chapman,1956-06-13
Brian,Chapman,1968-02-10
Michael,Chaput,1992-04-09
Zdeno,Chara,1977-03-18
Jose,Charbonneau,1966-11-21
Stephane,Charbonneau,1970-06-27
Bob,Charlebois,1944-05-27
Todd,Charlesworth,1965-03-22
Sebastien,Charpentier,1977-04-18
Eric,Charron,1970-01-14
Guy,Charron,1949-01-24
Dave,Chartier,1961-02-15
Rourke,Chartier,1996-04-03
Brad,Chartrand,1974-12-14
Rick,Chartraw,1954-07-13
Kelly,Chase,1967-10-25
Denis,Chasse,1970-02-07
Jalen,Chatfield,1996-05-15
Vladimir,Chebaturkin,1975-04-23
Lude,Check,1918-05-22
Jonathan,Cheechoo,1980-07-15
Gerry,Cheevers,1940-09-02
Ivan,Chekhovich,1999-01-04
Chris,Chelios,1962-01-25
Jake,Chelios,1991-03-08
Mike,Chernoff,1946-05-13
Rich,Chernomaz,1963-09-01
Dick,Cherry,1937-03-28
Don,Cherry,1934-02-05
Denis,Chervyakov,1970-04-20
Tim,Cheveldae,1968-02-15
Real,Chevrefils,1932-05-02
Alain,Chevrier,1961-04-23
Ben,Chiarot,1991-05-09
Alex,Chiasson,1990-10-01
Steve,Chiasson,1967-04-14
Igor,Chibirev,1968-04-19
Andrei,Chibisov,1993-02-26
Nikita,Chibrikov,2003-02-16
Dan,Chicoine,1957-11-30
Jason,Chimera,1979-05-02
Yegor,Chinakhov,2001-02-01
Rick,Chinnick,1953-08-15
Andy,Chiodo,1983-04-24
Kyle,Chipchura,1986-02-19
Ron,Chipperfield,1954-03-28
Art,Chisholm,1934-11-11
Colin,Chisholm,1963-02-25
Declan,Chisholm,2000-01-12
Lex,Chisholm,1915-04-01
Stanislav,Chistov,1983-04-17
Filip,Chlapik,1997-06-03
Sasha,Chmelevski,1999-06-09
Dennis,Cholowski,1998-02-15
Marc,Chorney,1959-11-08
Taylor,Chorney,1987-04-27
Tom,Chorske,1966-09-18
Eric,Chouinard,1980-07-08
Guy,Chouinard,1956-10-20
Jean,Chouinard,1907-01-05
Marc,Chouinard,1977-05-06
Mathieu,Chouinard,1980-04-11
Erik,Christensen,1983-12-17
Dave,Christian,1959-05-13
Jeff,Christian,1970-07-30
Jake,Christiansen,1999-09-12
Mike,Christie,1949-12-20
Ryan,Christie,1978-07-03
Steve,Christoff,1958-01-23
Magnus,Chrona,2000-08-28
Bob,Chrystal,1930-04-30
Artem,Chubarov,1979-12-13
Kris,Chucko,1986-03-13
Brad,Church,1976-11-14
Jack,Church,1915-05-24
Shane,Churla,1965-06-24
Jakob,Chychrun,1998-03-31
Jeff,Chychrun,1966-05-03
Dean,Chynoweth,1968-10-30
Filip,Chytil,1999-09-05
Dave,Chyzowski,1971-07-11
Peter,Ciavaglia,1969-07-15
Martin,Cibak,1980-05-17
Dino,Ciccarelli,1960-02-08
Enrico,Ciccone,1970-04-10
Nick,Cicek,2000-05-29
Chris,Cichocki,1963-09-17
Ivan,Ciernik,1977-10-30
Jozef,Cierny,1974-05-13
Hank,Ciesla,1934-10-15
Zdeno,Ciger,1969-10-19
Tony,Cimellaro,1971-06-14
Robert,Cimetta,1970-02-15
Joe,Cirella,1963-05-09
Anthony,Cirelli,1997-07-15
Jason,Cirone,1971-02-21
Marian,Cisar,1978-02-25
Casey,Cizikas,1991-02-27
Kim,Clackson,1955-02-13
Fredrik,Claesson,1992-11-24
Kale,Clague,1998-06-05
Francis,Clancy,1903-02-25
Terry,Clancy,1943-04-02
Aubrey,Clapper,1907-02-01
Brett,Clark,1976-12-23
Chris,Clark,1976-03-08
Dan,Clark,1957-11-03
Dean,Clark,1964-01-16
Gordie,Clark,1952-05-31
Mat,Clark,1990-10-17
Wendel,Clark,1966-10-25
Bobby,Clarke,1949-08-13
Brandt,Clarke,2003-02-09
Dale,Clarke,1978-03-23
Graeme,Clarke,2001-04-24
Noah,Clarke,1979-06-11
David,Clarkson,1984-03-31
Greg,Classen,1977-08-24
Daniel,Cleary,1978-12-18
Odie,Cleghorn,1891-09-19
Sprague,Cleghorn,1890-03-11
Bill,Clement,1950-12-20
Scott,Clemmensen,1977-07-23
Adam,Clendening,1992-10-26
Marc-Andre,Cliche,1987-03-23
Chris,Clifford,1966-05-26
Kyle,Clifford,1991-01-13
Connor,Clifton,1995-04-28
Matt,Climie,1983-02-11
Bruce,Cline,1931-11-14
Steve,Clippingdale,1956-04-29
Grant,Clitsome,1985-04-14
Dan,Cloutier,1976-04-22
Jacques,Cloutier,1960-01-03
Real,Cloutier,1956-07-30
Rejean,Cloutier,1960-02-15
Roland,Cloutier,1957-10-06
Sylvain,Cloutier,1974-02-13
Ryane,Clowe,1982-09-30
Richard,Clune,1987-04-25
Wally,Clune,1931-02-20
Nathan,Clurman,1998-05-08
Cal,Clutterbuck,1987-11-18
Ben,Clymer,1978-04-11
Gary,Coalter,1950-07-08
Steve,Coates,1950-07-27
Braydon,Coburn,1985-02-27
Glen,Cochrane,1958-01-29
Paul,Coffey,1961-06-01
Hugh,Coflin,1928-12-15
Dylan,Coghlan,1998-02-19
Andrew,Cogliano,1987-06-14
Colby,Cohen,1989-04-25
Carlo,Colaiacovo,1983-01-27
Sam,Colangelo,2001-12-26
Joe,Colborne,1990-01-30
Danton,Cole,1967-01-10
Erik,Cole,1978-11-06
Ian,Cole,1989-02-21
Blake,Coleman,1991-11-28
Gerald,Coleman,1985-04-03
Kevin,Colley,1979-01-04
Tom,Colley,1953-08-21
Norman,Collings,1910-05-06
Bill,Collins,1943-07-13
Gary,Collins,1935-09-27
Rob,Collins,1978-03-15
Sean,Collins,1983-10-30
Sean,Collins,1988-12-29
Jeremy,Colliton,1985-01-13
Bob,Collyard,1949-10-16
Mike,Colman,1968-08-04
Ross,Colton,1996-09-11
Mac,Colville,1916-01-08
Neil,Colville,1914-08-04
Les,Colvin,1921-02-08
Les,Colwill,1935-01-01
Blake,Comeau,1986-02-18
Rey,Comeau,1948-10-25
Drew,Commesso,2002-07-19
Mike,Commodore,1979-11-07
JT,Compher,1995-04-08
Eric,Comrie,1995-07-06
Mike,Comrie,1980-09-11
Paul,Comrie,1977-02-07
Maxime,Comtois,1999-01-08
Brian,Conacher,1941-08-31
Charlie,Conacher,1909-12-10
Cory,Conacher,1989-12-14
Jim,Conacher,1921-05-05
Lionel,Conacher,1901-05-24
Pat,Conacher,1959-05-01
Pete,Conacher,1932-07-29
Roy,Conacher,1916-10-05
Tim,Conboy,1982-03-22
Mike,Condon,1990-04-27
Lucas,Condotta,1997-11-06
Erik,Condra,1986-08-06
Ty,Conklin,1976-03-30
Maitland,Conn,1904-10-25
Rob,Conn,1968-09-03
Kevin,Connauton,1990-02-23
Alec,Connell,1902-02-08
Bert,Connelly,1909-04-22
Wayne,Connelly,1939-12-16
Chris,Conner,1983-12-23
Brett,Connolly,1992-05-02
Mike,Connolly,1989-07-03
Tim,Connolly,1981-05-07
Cam,Connor,1954-08-10
Harry,Connor,1904-12-03
Kyle,Connor,1996-12-09
Bobby,Connors,1904-10-19
Al,Conroy,1966-01-17
Craig,Conroy,1971-09-04
Joe,Contini,1957-01-29
Brandon,Convery,1974-02-04
Eddie,Convey,1910-12-16
Alex,Cook,1907-11-15
Bill,Cook,1898-10-08
Bob,Cook,1946-01-06
Frederick,Cook,1904-09-18
Lloyd,Cook,1890-03-21
Tom,Cook,1907-05-07
Matt,Cooke,1978-09-07
Devin,Cooley,1997-05-25
Logan,Cooley,2004-05-04
Carson,Cooper,1899-07-17
David,Cooper,1973-11-02
Ed,Cooper,1960-08-28
Hal,Cooper,1915-08-29
Joe,Cooper,1914-12-14
Pheonix,Copley,1992-01-18
Andrew,Copp,1994-07-08
Bob,Copp,1918-11-15
Carl,Corazzini,1979-04-21
Bert,Corbeau,1894-02-09
Rene,Corbet,1973-06-25
Mike,Corbett,1942-10-04
Norm,Corcoran,1931-08-15
Jared,Coreau,1991-11-05
Bob,Corkum,1967-12-18
Lukas,Cormier,2002-03-27
Patrice,Cormier,1990-06-14
Roger,Cormier,1905-03-23
Philippe,Cornet,1990-03-28
Mark,Cornforth,1972-11-13
Matt,Coronato,2002-11-14
Frankie,Corrado,1993-03-26
Matt,Corrente,1988-03-17
Charles,Corrigan,1916-05-22
Mike,Corrigan,1946-01-11
Chris,Corrinet,1978-10-29
Andre,Corriveau,1928-05-15
Yvon,Corriveau,1967-02-08
Jim,Corsi,1954-06-09
Daniel,Corso,1978-04-03
Shayne,Corson,1966-08-13
Joe,Corvo,1977-06-20
Ross,Cory,1957-02-04
Sebastian,Cossa,2002-11-21
Jacques,Cossette,1954-06-20
Les,Costello,1928-02-16
Murray,Costello,1934-02-24
Rich,Costello,1963-06-27
Alain,Cote,1957-05-03
Alain,Cote,1967-04-14
Jean-Philippe,Cote,1982-04-22
Patrick,Cote,1975-01-24
Ray,Cote,1961-05-31
Riley,Cote,1982-03-16
Sylvain,Cote,1966-01-19
Paul,Cotter,1999-11-16
Harold,Cotton,1902-11-05
John,Coughlin,1892-06-06
Tim,Coulis,1958-02-24
Patrick,Coulombe,1985-04-23
D'Arcy,Coulson,1908-02-17
Arthur,Coulter,1909-05-31
Neal,Coulter,1963-01-02
Yvan,Cournoyer,1943-11-22
Maurice,Courteau,1920-02-18
Yves,Courteau,1964-04-25
Ed,Courtenay,1968-02-02
Geoff,Courtnall,1962-08-18
Russ,Courtnall,1965-01-02
Larry,Courville,1975-04-02
Marcel,Cousineau,1973-04-30
Nick,Cousins,1993-07-20
Billy,Coutu,1892-03-01
Gerry,Couture,1925-08-06
Logan,Couture,1989-03-28
Rosario,Couture,1905-07-24
Sean,Couturier,1992-12-07
Sylvain,Couturier,1968-04-23
Jeff,Cowan,1976-09-27
Jared,Cowen,1991-01-25
Bruce,Cowick,1951-08-18
Rob,Cowie,1967-11-03
Bill,Cowley,1912-06-12
Wayne,Cowley,1964-12-04
Abby,Cox,1904-07-19
Danny,Cox,1903-10-12
Craig,Coxe,1964-01-21
Charlie,Coyle,1992-03-02
Dylan,Cozens,2001-02-09
Joey,Crabb,1983-04-03
Adam,Cracknell,1985-07-15
Jim,Craig,1957-05-31
Mike,Craig,1971-06-06
Ryan,Craig,1982-01-06
John,Craighead,1971-11-23
Dale,Craigwell,1971-04-24
Joseph,Cramarossa,1992-10-26
Bart,Crashley,1946-06-15
Murray,Craven,1964-07-25
Bob,Crawford,1959-04-06
Bobby,Crawford,1960-05-27
Corey,Crawford,1984-12-31
Jack,Crawford,1916-10-26
Lou,Crawford,1962-11-05
Marc,Crawford,1961-02-13
Rusty,Crawford,1885-11-07
Adam,Creighton,1965-06-02
Dave,Creighton,1930-06-24
Jimmy,Creighton,1905-11-18
Andrew,Crescenzi,1992-07-29
Dave,Cressman,1950-01-02
Glen,Cressman,1934-08-29
Louis,Crevier,2001-05-04
Jiri,Crha,1950-04-13
Kyle,Criscuolo,1992-05-05
Terry,Crisp,1943-05-28
Ed,Cristofoli,1967-05-14
Maurice,Croghan,1914-11-19
B.J.,Crombeen,1985-07-10
Mike,Crombeen,1957-04-16
Shawn,Cronin,1963-08-20
Angus,Crookshank,1999-10-02
Sidney,Crosby,1987-08-07
Cory,Cross,1971-01-03
Tommy,Cross,1989-09-12
Stanley,Crossett,1900-04-18
Doug,Crossman,1960-06-30
Gary,Croteau,1946-06-20
Cameron,Crotty,1999-05-05
Lawson,Crouse,1997-06-23
Bruce,Crowder,1957-03-25
Keith,Crowder,1959-01-06
Troy,Crowder,1968-05-03
Phil,Crowe,1970-04-14
Mike,Crowley,1975-07-04
Ted,Crowley,1970-05-03
Greg,Crozier,1976-07-06
Joe,Crozier,1929-02-19
Maxwell,Crozier,2000-04-19
Roger,Crozier,1942-03-16
Nels,Crutchfield,1911-07-12
Wilf,Cude,1910-07-04
Jim,Culhane,1965-03-13
Barry,Cullen,1935-06-16
Brian,Cullen,1933-11-11
David,Cullen,1976-12-30
John,Cullen,1964-08-02
Mark,Cullen,1978-10-28
Matt,Cullen,1976-11-02
Ray,Cullen,1941-09-20
Jassen,Cullimore,1972-12-04
Tyler,Cuma,1990-01-19
Kyle,Cumiskey,1986-12-02
Barry,Cummins,1949-01-25
Jim,Cummins,1970-05-17
Mark,Cundari,1990-04-23
Randy,Cunneyworth,1961-05-10
Bob,Cunningham,1941-02-26
Craig,Cunningham,1990-09-13
Jim,Cunningham,1956-08-15
Les,Cunningham,1913-10-04
Bill,Cupolo,1924-01-08
Brian,Curran,1963-11-05
Dan,Currie,1968-03-15
Glen,Currie,1958-07-18
Hugh,Currie,1925-10-22
Josh,Currie,1992-10-29
Tony,Currie,1957-11-12
Floyd,Curry,1925-08-11
John,Curry,1984-02-27
Tony,Curtale,1963-01-29
Paul,Curtis,1947-09-29
Ian,Cushenan,1933-11-29
Jean,Cusson,1942-10-05
Jakub,Cutta,1981-12-29
Don,Cutts,1956-02-24
Will,Cuylle,2002-02-05
Claude,Cyr,1939-03-27
Denis,Cyr,1961-02-04
Paul,Cyr,1963-10-31
Austin,Czarnik,1992-12-12
Mariusz,Czerkawski,1972-04-13
Kevin,Czuczman,1991-01-09
